id,description,property_type,bedrooms,bathrooms,commercial,display_address,display_status,latitude,longitude,price,first_visible_date,url,deliveryPointId,epcGraphs
101911730,4 bedroom terraced house for sale,Terraced,4,2,False,"Lucas Avenue, Chelmsford, Essex, CM2",Sold STC,51.716583,0.482279,327500,2021-01-12T17:49:33Z,/properties/101911730,33509635,
91949060,4 bedroom detached house for sale,Detached,4,,False,"Lower Stock Road, West Hanningfield",Sold STC,51.66981,0.47418,1750000,2020-05-05T14:46:47Z,/properties/91949060,31445017,
99093437,5 bedroom detached house for sale,Detached,5,,False,"Pennys Lane, Margaretting",Sold STC,51.69073,0.4126,1499995,2020-10-28T13:43:44Z,/properties/99093437,33296167,
72379485,5 bedroom detached house for sale,Detached,5,0,False,"Little Baddow, Chelmsford",Sold STC,51.72879,0.55473,1450000,2020-08-06T12:17:41Z,/properties/72379485,32911426,
101912762,6 bedroom detached house for sale,Detached,6,2,False,"Newney Green, Chelmsford, Essex, CM1",Sold STC,51.735354,0.392052,1350000,2021-01-12T17:53:25Z,/properties/101912762,36967978,
77720016,6 bedroom detached house for sale,Detached,6,5,False,"Shardelow Avenue, Springfield, Chelmsford, Essex, CM1",Sold STC,51.757979,0.504572,1350000,2021-02-08T16:03:33Z,/properties/77720016,37254196,
101943176,4 bedroom detached house for sale,Detached,4,1,False,"Wheelers Hill, Little Waltham, Chelmsford, Essex, CM3",Sold STC,51.784791,0.485274,1275000,2021-01-13T14:38:24Z,/properties/101943176,22874506,
67744308,5 bedroom detached house for sale,Detached,5,4,False,"Riceen, Woodhall Hill, Chignal Smealey, Chelmsford",Sold STC,51.77218,0.43411,1250000,2020-01-20T09:05:02Z,/properties/67744308,,
93474227,4 bedroom detached house for sale,Detached,4,,False,"The Common, Galleywood Common",Sold STC,51.69599,0.46533,1250000,2020-06-13T14:50:13Z,/properties/93474227,36497911,https://media.rightmove.co.uk/15k/14258/93474227/14258_TheRidings_EPC_00_0000.pdf
90492416,4 bedroom detached house for sale,Detached,4,3,False,"Pennys Lane, Margaretting, Ingatestone, Essex, CM4",Sold STC,51.690792,0.410624,1239500,2020-03-15T18:31:53Z,/properties/90492416,33296128,
71882049,4 bedroom detached house for sale,Detached,4,0,False,"Sandon, Chelmsford",Sold STC,51.70602,0.53912,1150000,2020-07-15T16:43:58Z,/properties/71882049,33145645,
102528218,4 bedroom detached house for sale,Detached,4,2,False,"Comyns Place, Writtle, Chelmsford, Essex, CM1",Sold STC,51.729449,0.426193,1100000,2021-02-05T17:28:30Z,/properties/102528218,22717954,
97337840,4 bedroom detached house for sale,Detached,4,,False,"Longstomps Avenue, Chelmsford",Sold STC,51.7165,0.46471,1100000,2020-09-17T10:57:21Z,/properties/97337840,33709666,https://media.rightmove.co.uk/15k/14258/97337840/14258_LongstompsAve_EPC_00_0000.pdf
72255858,5 bedroom detached house for sale,Detached,5,3,False,"Woodcroft, East Hanningfield Road, Sandon, Chelmsford",Sold STC,51.69886,0.53307,1000000,2020-08-03T09:15:12Z,/properties/72255858,,
103995647,4 bedroom detached house for sale,Detached,4,1,False,"Tanfield Farm, Tanfield Tye, West Hanningfield, CM2",Sold STC,51.68353,0.497714,1000000,2021-03-12T16:51:56Z,/properties/103995647,,
77368866,4 bedroom detached house for sale,Detached,4,4,False,Sandon,Sold STC,51.714767,0.535785,1000000,2021-01-22T10:04:25Z,/properties/77368866,30686506,
83654360,5 bedroom detached house for sale,Detached,5,,False,"North Drive, Chelmsford, Essex, CM2",Sold STC,51.72072,0.4994,1000000,2019-07-30T16:56:31Z,/properties/83654360,19929349,
91745591,4 bedroom detached house for sale,Detached,4,,False,Galleywood Common,Sold STC,51.69599,0.46533,995000,2020-04-28T19:41:35Z,/properties/91745591,36497911,https://media.rightmove.co.uk/15k/14258/91745591/14258_Littlemead_EPC_00_0000.pdf
98027549,5 bedroom detached house for sale,Detached,5,4,False,"Robinson Gate, Beaulieu Chase, Chelmsford, CM1",Sold STC,51.762559,0.497104,950000,2020-10-04T02:32:20Z,/properties/98027549,,
88613624,Barn conversion for sale,Barn Conversion,0,,False,Stock,Sold STC,51.67236,0.45985,950000,2020-01-21T17:30:04Z,/properties/88613624,,
85259507,4 bedroom detached house for sale,Detached,4,,False,"Ottley Place, Margaretting",Sold STC,51.68995,0.41856,950000,2019-09-30T16:53:53Z,/properties/85259507,18740200,https://media.rightmove.co.uk/15k/14258/85259507/14258_OTTLEY_EPC_00_0000.pdf
85468510,3 bedroom semi-detached house for sale,Semi-Detached,3,2,False,"Meadgate Avenue, Chelmsford, Essex",Sold STC,51.725341,0.485419,280000,2020-10-05T16:08:45Z,/properties/85468510,33844234,
77914605,4 bedroom detached house for sale,Detached,4,3,False,"Chalklands, Howe Green, Sandon",Sold STC,51.698867,0.52944,950000,2021-02-15T10:53:54Z,/properties/77914605,35873062,
83347478,5 bedroom detached house for sale,Detached,5,4,False,"Boreham, CM3",Sold STC,51.76254,0.54128,950000,2019-07-18T11:11:23Z,/properties/83347478,26779249,
103043534,5 bedroom detached house for sale,Detached,5,3,False,"Lodge Vale, Chelmsford, CM1",Sold STC,51.76318,0.494423,950000,2021-02-18T21:16:13Z,/properties/103043534,,
78350718,5 bedroom house for sale,House,5,3,False,"Nancy Edwards Place, Chelmsford",Sold STC,51.73986,0.460908,950000,2021-02-26T14:16:50Z,/properties/78350718,,
98202755,6 bedroom detached house for sale,Detached,6,1,False,"Baddow Road, Chelmsford, CM2",Sold STC,51.720559,0.493653,925000,2020-10-09T16:28:31Z,/properties/98202755,28844398,
73140048,4 bedroom detached house for sale,Detached,4,2,False,"Roxwell Road, Chelmsford",Sold STC,51.74051,0.45226,925000,2020-09-09T17:55:10Z,/properties/73140048,,
74441361,4 bedroom detached house for sale,Detached,4,3,False,"Longstomps Avenue, Chelmsford",Sold STC,51.7165,0.46471,920000,2020-10-20T11:45:03Z,/properties/74441361,,
88843375,6 bedroom detached house for sale,Detached,6,4,False,Chelmsford - Fenn Wright Signature,Sold STC,51.75465,0.51069,915000,2021-02-05T10:27:59Z,/properties/88843375,19950637,
78582522,4 bedroom detached house for sale,Detached,4,1,False,"Horse & Groom Lane, Galleywood, Chelmsford",Sold STC,51.701155,0.459636,900000,2021-03-05T16:42:10Z,/properties/78582522,32896528,
101682578,5 bedroom detached house for sale,Detached,5,2,False,"Condor Gate, Chelmsford",Sold STC,51.77005,0.495457,900000,2021-01-05T08:57:29Z,/properties/101682578,,
71308827,5 bedroom detached house for sale,Detached,5,3,False,"Woodhill Road, Sandon",Sold STC,51.715637,0.524303,900000,2020-06-20T05:25:42Z,/properties/71308827,30686392,
74893581,5 bedroom detached house for sale,Detached,5,3,False,"Beaulieu Park, Chelmsford, CM1",Sold STC,51.755325,0.509803,900000,2020-11-02T18:11:02Z,/properties/74893581,21073684,
84860888,6 bedroom detached house for sale,Detached,6,,False,"Baddow Road, Chelmsford",Sold STC,51.72147,0.48916,900000,2019-09-17T17:41:01Z,/properties/84860888,28844314,https://media.rightmove.co.uk/77k/76437/84860888/76437_BADDROAD_EPC_00_0000.pdf
101916050,4 bedroom detached house for sale,Detached,4,2,False,"Purcell Cole, Writtle, Chelmsford, Essex, CM1",Sold STC,51.730452,0.420351,900000,2021-01-12T18:53:41Z,/properties/101916050,36533974,
103296791,4 bedroom detached house for sale,Detached,4,2,False,"Vicarage Lane, Great Baddow, Chelmsford, Essex, CM2",Sold STC,51.712541,0.501336,900000,2021-02-24T09:26:57Z,/properties/103296791,32777905,
101911838,4 bedroom detached house for sale,Detached,4,1,False,"New Court Road, Chelmsford, Essex, CM2",Sold STC,51.73826,0.489656,899995,2021-01-12T17:50:40Z,/properties/101911838,28292458,
75605736,4 bedroom detached house for sale,Detached,4,4,False,"Woodview, Woodhill Road, Sandon, Chelmsford",Sold STC,51.7138,0.53695,895000,2020-11-25T14:40:03Z,/properties/75605736,,
84995965,4 bedroom detached house for sale,Detached,4,2,False,"The Street, Little Waltham, Chelmsford",Sold STC,51.790918,0.475066,895000,2020-09-21T09:16:20Z,/properties/84995965,35713474,
77526069,5 bedroom detached house for sale,Detached,5,3,False,"William Porter Close, Beaulieu Park, Chelmsford, Essex, CM1",Sold STC,51.76017,0.50085,890000,2021-02-02T01:24:39Z,/properties/77526069,,
88386430,5 bedroom detached house for sale,Detached,5,0,False,"Condor Gate, Chelmsford, Essex, CM3",Sold STC,51.770015,0.495621,875000,2021-01-18T11:09:04Z,/properties/88386430,,
90546578,4 bedroom semi-detached house for sale,Semi-Detached,4,,False,"The Tye, Margaretting",Sold STC,51.68511,0.43508,875000,2020-03-17T12:03:26Z,/properties/90546578,35990053,https://media.rightmove.co.uk/77k/76437/90546578/76437_1BrookView_EPC_00_0000.pdf
101479844,4 bedroom detached house for sale,Detached,4,1,False,"Chelmsford Road, Chelmsford, CM3",Sold STC,51.790913,0.464225,875000,2020-12-28T07:47:13Z,/properties/101479844,28749709,https://media.rightmove.co.uk/152k/151070/101479844/151070_1091965-1_EPC_00_0000.pdf
72375921,5 bedroom detached house for sale,Detached,5,2,False,"Regiment Gate, Springfield, Chelmsford, Essex, CM1",Sold STC,51.7652,0.49693,860000,2020-08-06T11:45:31Z,/properties/72375921,,
100641977,5 bedroom detached house for sale,Detached,5,3,False,"Westfield Avenue, Chelmsford, CM1",Sold STC,51.741675,0.465149,850000,2020-11-30T12:10:12Z,/properties/100641977,33346678,
89012360,5 bedroom detached house for sale,Detached,5,3,False,"The Brooklands, Southend Road, Howe Green, CM2",Sold STC,51.691607,0.524983,850000,2020-02-01T12:40:01Z,/properties/89012360,,
89519707,5 bedroom detached house for sale,Detached,5,4,False,"Fitzwalter Place, Chelmsford, Essex, CM1",Sold STC,51.73966,0.44989,850000,2021-03-03T09:45:02Z,/properties/89519707,22784515,
77830146,5 bedroom detached house for sale,Detached,5,2,False,"Roselawn Fields, Broomfield, Chelmsford, Essex, CM1",Sold STC,51.759502,0.475184,850000,2021-02-12T15:26:00Z,/properties/77830146,34988356,
101916140,4 bedroom detached house for sale,Detached,4,1,False,"Guys Farm, Writtle, Chelmsford, Essex, CM1",Sold STC,51.732389,0.43156,850000,2021-01-12T18:54:53Z,/properties/101916140,35602120,
73364523,6 bedroom detached house for sale,Detached,6,4,False,"Winckford Close, Little Waltham, CM3",Sold STC,51.78769,0.47538,850000,2020-09-18T12:06:53Z,/properties/73364523,24112927,
64994103,5 bedroom detached house for sale,Detached,5,3,False,"Bishops Court Gardens, Chelmsford, Essex, CM2",Sold STC,51.742044,0.491402,850000,2019-09-11T13:17:13Z,/properties/64994103,19291192,
84914311,5 bedroom detached house for sale,Detached,5,3,False,Chelmsford - Fenn Wright Signature,Sold STC,51.75184,0.46518,845000,2020-09-18T10:34:39Z,/properties/84914311,33210595,
103405424,5 bedroom detached house for sale,Detached,5,2,False,"Church Road, West Hanningfield, Chelmsford, Essex, CM2",Sold STC,51.669444,0.494539,835000,2021-02-27T13:56:40Z,/properties/103405424,27758524,
101916149,5 bedroom detached house for sale,Detached,5,3,False,"Vicarage Close, Roxwell, Chelmsford, Essex, CM1",Sold STC,51.748195,0.386033,830000,2021-01-12T18:55:02Z,/properties/101916149,23646304,
88658899,2 bedroom semi-detached house for sale,Semi-Detached,2,1,False,"St. Johns Green, Chelmsford, Essex, CM1",Sold STC,51.730912,0.42986,465000,2021-01-28T16:22:54Z,/properties/88658899,32569432,
103628555,4 bedroom detached house for sale,Detached,4,,False,"Beehive Lane, Chelmsford ",Sold STC,51.71678,0.48557,825000,2021-03-04T14:29:52Z,/properties/103628555,33324964,https://media.rightmove.co.uk/15k/14258/103628555/14258_64BeehiveLane_EPC_00_0000.pdf
83929402,5 bedroom detached house for sale,Detached,5,5,False,"Robert Finch Crescent, Springfield, Chelmsford, Essex, CM1",Sold STC,51.76167,0.50195,825000,2020-08-23T07:44:59Z,/properties/83929402,,
89012348,5 bedroom detached house for sale,Detached,5,4,False,"Southend Road, Howe Green, CM2",Sold STC,51.692339,0.524543,800000,2020-02-01T12:39:05Z,/properties/89012348,,
95545805,5 bedroom detached house for sale,Detached,5,3,False,"Wharton Drive, Beaulieu Park, Chelmsford, CM1",Sold STC,51.754667,0.510748,800000,2020-08-01T12:00:09Z,/properties/95545805,19950640,
100355237,3 bedroom detached house for sale,Detached,3,1,False,"Links Drive, Chelmsford, CM2",Sold STC,51.719062,0.456707,800000,2020-11-24T19:43:34Z,/properties/100355237,101648465,https://media.rightmove.co.uk/152k/151070/100355237/151070_1086789-1_EPC_01_0000.pdf
102779744,5 bedroom detached house for sale,Detached,5,2,False,"Fairway Drive, Chelmsford",Sold STC,51.767662,0.492253,800000,2021-02-12T11:24:02Z,/properties/102779744,,
85237696,4 bedroom detached house for sale,Detached,4,2,False,"Galleywood Road, Chelmsford, CM2",Sold STC,51.713845,0.463555,800000,2020-09-28T13:17:03Z,/properties/85237696,31363750,
95921861,4 bedroom detached house for sale,Detached,4,3,False,"Sandford Road, Chelmsford, CM2",Sold STC,51.736198,0.489116,800000,2020-08-10T17:15:36Z,/properties/95921861,28041958,
73739922,5 bedroom detached house for sale,Detached,5,2,False,"Galleywood Road, Great Baddow",Sold STC,51.71511,0.499721,800000,2020-10-02T09:26:41Z,/properties/73739922,31364383,
98375534,5 bedroom semi-detached house for sale,Semi-Detached,5,,False,"Hill Road, Chelmsford, Essex, CM2",Sold STC,51.73281,0.48457,795000,2020-10-13T11:45:29Z,/properties/98375534,28281538,https://media.rightmove.co.uk/77k/76437/98375534/76437_23HillRoadChelmsford_EPC_00_0000.pdf
101911559,4 bedroom detached house for sale,Detached,4,3,False,"Jackson Bacon View, Beauliieu Heath, Chelmsford",Sold STC,51.762031,0.500508,785000,2021-01-12T17:47:48Z,/properties/101911559,,
89657842,4 bedroom detached house for sale,Detached,4,0,False,"Brook End Road South, Chelmsford, CM2",Sold STC,51.738098,0.513252,782500,2021-03-08T11:39:58Z,/properties/89657842,,
101916104,5 bedroom detached house for sale,Detached,5,3,False,"Lordship Road, Writtle, Essex, CM1",Sold STC,51.73243,0.426396,780000,2021-01-12T18:54:23Z,/properties/101916104,,
