id,description,property_type,bedrooms,bathrooms,commercial,display_address,display_status,latitude,longitude,price,first_visible_date,url,postcode,deliveryPointId,epcGraphs
91949060,4 bedroom detached house for sale,Detached,4,,False,"Lower Stock Road, West Hanningfield",Sold STC,51.66981,0.47418,1750000,2020-05-05T14:46:47Z,/properties/91949060,CM2 8UY,31445017,
99093437,5 bedroom detached house for sale,Detached,5,,False,"Pennys Lane, Margaretting",Sold STC,51.69073,0.4126,1499995,2020-10-28T13:43:44Z,/properties/99093437,CM4 0HA,33296167,
72379485,5 bedroom detached house for sale,Detached,5,0,False,"Little Baddow, Chelmsford",Sold STC,51.72879,0.55473,1450000,2020-08-06T12:17:41Z,/properties/72379485,CM3 4AY,32911426,
77720016,6 bedroom detached house for sale,Detached,6,5,False,"Shardelow Avenue, Springfield, Chelmsford, Essex, CM1",Sold STC,51.757979,0.504572,1350000,2021-02-08T16:03:33Z,/properties/77720016,CM1 6BG,37254196,
101912762,6 bedroom detached house for sale,Detached,6,2,False,"Newney Green, Chelmsford, Essex, CM1",Sold STC,51.735354,0.392052,1350000,2021-01-12T17:53:25Z,/properties/101912762,CM1 3SE,36967978,
101943176,4 bedroom detached house for sale,Detached,4,1,False,"Wheelers Hill, Little Waltham, Chelmsford, Essex, CM3",Sold STC,51.784791,0.485274,1275000,2021-01-13T14:38:24Z,/properties/101943176,CM3 3LY,22874506,
67744308,5 bedroom detached house for sale,Detached,5,4,False,"Riceen, Woodhall Hill, Chignal Smealey, Chelmsford",Sold STC,51.77218,0.43411,1250000,2020-01-20T09:05:02Z,/properties/67744308,CM1 4SY,,
93474227,4 bedroom detached house for sale,Detached,4,,False,"The Common, Galleywood Common",Sold STC,51.69599,0.46533,1250000,2020-06-13T14:50:13Z,/properties/93474227,CM2 8JX,36497911,https://media.rightmove.co.uk/15k/14258/93474227/14258_TheRidings_EPC_00_0000.pdf
90492416,4 bedroom detached house for sale,Detached,4,3,False,"Pennys Lane, Margaretting, Ingatestone, Essex, CM4",Sold STC,51.690792,0.410624,1239500,2020-03-15T18:31:53Z,/properties/90492416,CM4 0HA,33296128,
71882049,4 bedroom detached house for sale,Detached,4,0,False,"Sandon, Chelmsford",Sold STC,51.70602,0.53912,1150000,2020-07-15T16:43:58Z,/properties/71882049,CM2 7RW,33145645,
102528218,4 bedroom detached house for sale,Detached,4,2,False,"Comyns Place, Writtle, Chelmsford, Essex, CM1",Sold STC,51.729449,0.426193,1100000,2021-02-05T17:28:30Z,/properties/102528218,CM1 3ES,22717954,
97337840,4 bedroom detached house for sale,Detached,4,,False,"Longstomps Avenue, Chelmsford",Sold STC,51.7165,0.46471,1100000,2020-09-17T10:57:21Z,/properties/97337840,CM2 9BZ,33709666,https://media.rightmove.co.uk/15k/14258/97337840/14258_LongstompsAve_EPC_00_0000.pdf
103995647,4 bedroom detached house for sale,Detached,4,1,False,"Tanfield Farm, Tanfield Tye, West Hanningfield, CM2",Sold STC,51.68353,0.497714,1000000,2021-03-12T16:51:56Z,/properties/103995647,CM2 8UD,,
77368866,4 bedroom detached house for sale,Detached,4,4,False,Sandon,Sold STC,51.714767,0.535785,1000000,2021-01-22T10:04:25Z,/properties/77368866,CM2 7SE,30686506,
72255858,5 bedroom detached house for sale,Detached,5,3,False,"Woodcroft, East Hanningfield Road, Sandon, Chelmsford",Sold STC,51.69886,0.53307,1000000,2020-08-03T09:15:12Z,/properties/72255858,CM2 7TQ,,
83654360,5 bedroom detached house for sale,Detached,5,,False,"North Drive, Chelmsford, Essex, CM2",Sold STC,51.72072,0.4994,1000000,2019-07-30T16:56:31Z,/properties/83654360,CM2 7EU,19929349,
91745591,4 bedroom detached house for sale,Detached,4,,False,Galleywood Common,Sold STC,51.69599,0.46533,995000,2020-04-28T19:41:35Z,/properties/91745591,CM2 8JX,36497911,https://media.rightmove.co.uk/15k/14258/91745591/14258_Littlemead_EPC_00_0000.pdf
78350718,5 bedroom house for sale,House,5,3,False,"Nancy Edwards Place, Chelmsford",Sold STC,51.73986,0.460908,950000,2021-02-26T14:16:50Z,/properties/78350718,CM1 2WU,,
85259507,4 bedroom detached house for sale,Detached,4,,False,"Ottley Place, Margaretting",Sold STC,51.68995,0.41856,950000,2019-09-30T16:53:53Z,/properties/85259507,CM4 9QE,18740200,https://media.rightmove.co.uk/15k/14258/85259507/14258_OTTLEY_EPC_00_0000.pdf
98027549,5 bedroom detached house for sale,Detached,5,4,False,"Robinson Gate, Beaulieu Chase, Chelmsford, CM1",Sold STC,51.762559,0.497104,950000,2020-10-04T02:32:20Z,/properties/98027549,CM1 6AT,,
77914605,4 bedroom detached house for sale,Detached,4,3,False,"Chalklands, Howe Green, Sandon",Sold STC,51.698867,0.52944,950000,2021-02-15T10:53:54Z,/properties/77914605,CM2 7TH,35873062,
103043534,5 bedroom detached house for sale,Detached,5,3,False,"Lodge Vale, Chelmsford, CM1",Sold STC,51.76318,0.494423,950000,2021-02-18T21:16:13Z,/properties/103043534,CM1 6AX,,
88613624,Barn conversion for sale,Barn Conversion,0,,False,Stock,Sold STC,51.67236,0.45985,950000,2020-01-21T17:30:04Z,/properties/88613624,CM4 9QX,,
83347478,5 bedroom detached house for sale,Detached,5,4,False,"Boreham, CM3",Sold STC,51.76254,0.54128,950000,2019-07-18T11:11:23Z,/properties/83347478,CM3 3JF,26779249,
98202755,6 bedroom detached house for sale,Detached,6,1,False,"Baddow Road, Chelmsford, CM2",Sold STC,51.720559,0.493653,925000,2020-10-09T16:28:31Z,/properties/98202755,CM2 9RB,28844398,
73140048,4 bedroom detached house for sale,Detached,4,2,False,"Roxwell Road, Chelmsford",Sold STC,51.74051,0.45226,925000,2020-09-09T17:55:10Z,/properties/73140048,CM1 2PP,,
74441361,4 bedroom detached house for sale,Detached,4,3,False,"Longstomps Avenue, Chelmsford",Sold STC,51.7165,0.46471,920000,2020-10-20T11:45:03Z,/properties/74441361,CM2 9BZ,,
88843375,6 bedroom detached house for sale,Detached,6,4,False,Chelmsford - Fenn Wright Signature,Sold STC,51.75465,0.51069,915000,2021-02-05T10:27:59Z,/properties/88843375,CM1 6BF,19950637,
103296791,4 bedroom detached house for sale,Detached,4,2,False,"Vicarage Lane, Great Baddow, Chelmsford, Essex, CM2",Sold STC,51.712541,0.501336,900000,2021-02-24T09:26:57Z,/properties/103296791,CM2 8HY,32777905,
74893581,5 bedroom detached house for sale,Detached,5,3,False,"Beaulieu Park, Chelmsford, CM1",Sold STC,51.755325,0.509803,900000,2020-11-02T18:11:02Z,/properties/74893581,CM1 6BD,21073684,
78582522,4 bedroom detached house for sale,Detached,4,1,False,"Horse & Groom Lane, Galleywood, Chelmsford",Sold STC,51.701155,0.459636,900000,2021-03-05T16:42:10Z,/properties/78582522,CM2 8PJ,32896528,
71308827,5 bedroom detached house for sale,Detached,5,3,False,"Woodhill Road, Sandon",Sold STC,51.715637,0.524303,900000,2020-06-20T05:25:42Z,/properties/71308827,CM2 7SF,30686392,
101682578,5 bedroom detached house for sale,Detached,5,2,False,"Condor Gate, Chelmsford",Sold STC,51.77005,0.495457,900000,2021-01-05T08:57:29Z,/properties/101682578,CM3 3FU,,
101916050,4 bedroom detached house for sale,Detached,4,2,False,"Purcell Cole, Writtle, Chelmsford, Essex, CM1",Sold STC,51.730452,0.420351,900000,2021-01-12T18:53:41Z,/properties/101916050,CM1 3NB,36533974,
84860888,6 bedroom detached house for sale,Detached,6,,False,"Baddow Road, Chelmsford",Sold STC,51.72147,0.48916,900000,2019-09-17T17:41:01Z,/properties/84860888,CM2 9RA,28844314,https://media.rightmove.co.uk/77k/76437/84860888/76437_BADDROAD_EPC_00_0000.pdf
101911838,4 bedroom detached house for sale,Detached,4,1,False,"New Court Road, Chelmsford, Essex, CM2",Sold STC,51.73826,0.489656,899995,2021-01-12T17:50:40Z,/properties/101911838,CM2 6BZ,28292458,
84995965,4 bedroom detached house for sale,Detached,4,2,False,"The Street, Little Waltham, Chelmsford",Sold STC,51.790918,0.475066,895000,2020-09-21T09:16:20Z,/properties/84995965,CM3 3NY,35713474,
75605736,4 bedroom detached house for sale,Detached,4,4,False,"Woodview, Woodhill Road, Sandon, Chelmsford",Sold STC,51.7138,0.53695,895000,2020-11-25T14:40:03Z,/properties/75605736,CM2 7SE,,
77526069,5 bedroom detached house for sale,Detached,5,3,False,"William Porter Close, Beaulieu Park, Chelmsford, Essex, CM1",Sold STC,51.76017,0.50085,890000,2021-02-02T01:24:39Z,/properties/77526069,CM1 6AN,,
88386430,5 bedroom detached house for sale,Detached,5,0,False,"Condor Gate, Chelmsford, Essex, CM3",Sold STC,51.770015,0.495621,875000,2021-01-18T11:09:04Z,/properties/88386430,CM3 3FU,,
101479844,4 bedroom detached house for sale,Detached,4,1,False,"Chelmsford Road, Chelmsford, CM3",Sold STC,51.790913,0.464225,875000,2020-12-28T07:47:13Z,/properties/101479844,CM3 1AQ,28749709,https://media.rightmove.co.uk/152k/151070/101479844/151070_1091965-1_EPC_00_0000.pdf
90546578,4 bedroom semi-detached house for sale,Semi-Detached,4,,False,"The Tye, Margaretting",Sold STC,51.68511,0.43508,875000,2020-03-17T12:03:26Z,/properties/90546578,CM4 9JY,35990053,https://media.rightmove.co.uk/77k/76437/90546578/76437_1BrookView_EPC_00_0000.pdf
72375921,5 bedroom detached house for sale,Detached,5,2,False,"Regiment Gate, Springfield, Chelmsford, Essex, CM1",Sold STC,51.7652,0.49693,860000,2020-08-06T11:45:31Z,/properties/72375921,CM1 6BQ,,
89519707,5 bedroom detached house for sale,Detached,5,4,False,"Fitzwalter Place, Chelmsford, Essex, CM1",Sold STC,51.73966,0.44989,850000,2021-03-03T09:45:02Z,/properties/89519707,CM1 2LX,22784515,
100641977,5 bedroom detached house for sale,Detached,5,3,False,"Westfield Avenue, Chelmsford, CM1",Sold STC,51.741675,0.465149,850000,2020-11-30T12:10:12Z,/properties/100641977,CM1 1SF,33346678,
101916140,4 bedroom detached house for sale,Detached,4,1,False,"Guys Farm, Writtle, Chelmsford, Essex, CM1",Sold STC,51.732389,0.43156,850000,2021-01-12T18:54:53Z,/properties/101916140,CM1 3GA,35602120,
89012360,5 bedroom detached house for sale,Detached,5,3,False,"The Brooklands, Southend Road, Howe Green, CM2",Sold STC,51.691607,0.524983,850000,2020-02-01T12:40:01Z,/properties/89012360,CM2 7TD,,
73364523,6 bedroom detached house for sale,Detached,6,4,False,"Winckford Close, Little Waltham, CM3",Sold STC,51.78769,0.47538,850000,2020-09-18T12:06:53Z,/properties/73364523,CM3 3NU,24112927,
64994103,5 bedroom detached house for sale,Detached,5,3,False,"Bishops Court Gardens, Chelmsford, Essex, CM2",Sold STC,51.742044,0.491402,850000,2019-09-11T13:17:13Z,/properties/64994103,CM2 6AZ,19291192,
77830146,5 bedroom detached house for sale,Detached,5,2,False,"Roselawn Fields, Broomfield, Chelmsford, Essex, CM1",Sold STC,51.759502,0.475184,850000,2021-02-12T15:26:00Z,/properties/77830146,CM1 7GB,34988356,
84914311,5 bedroom detached house for sale,Detached,5,3,False,Chelmsford - Fenn Wright Signature,Sold STC,51.75184,0.46518,845000,2020-09-18T10:34:39Z,/properties/84914311,CM1 4BZ,33210595,
103405424,5 bedroom detached house for sale,Detached,5,2,False,"Church Road, West Hanningfield, Chelmsford, Essex, CM2",Sold STC,51.669444,0.494539,835000,2021-02-27T13:56:40Z,/properties/103405424,CM2 8UQ,27758524,
101916149,5 bedroom detached house for sale,Detached,5,3,False,"Vicarage Close, Roxwell, Chelmsford, Essex, CM1",Sold STC,51.748195,0.386033,830000,2021-01-12T18:55:02Z,/properties/101916149,CM1 4LR,23646304,
83929402,5 bedroom detached house for sale,Detached,5,5,False,"Robert Finch Crescent, Springfield, Chelmsford, Essex, CM1",Sold STC,51.76167,0.50195,825000,2020-08-23T07:44:59Z,/properties/83929402,CM1 6BN,,
103628555,4 bedroom detached house for sale,Detached,4,,False,"Beehive Lane, Chelmsford ",Sold STC,51.71678,0.48557,825000,2021-03-04T14:29:52Z,/properties/103628555,CM2 9RX,33324964,https://media.rightmove.co.uk/15k/14258/103628555/14258_64BeehiveLane_EPC_00_0000.pdf
102779744,5 bedroom detached house for sale,Detached,5,2,False,"Fairway Drive, Chelmsford",Sold STC,51.767662,0.492253,800000,2021-02-12T11:24:02Z,/properties/102779744,CM3 3FH,,
95921861,4 bedroom detached house for sale,Detached,4,3,False,"Sandford Road, Chelmsford, CM2",Sold STC,51.736198,0.489116,800000,2020-08-10T17:15:36Z,/properties/95921861,CM2 6DQ,28041958,
89012348,5 bedroom detached house for sale,Detached,5,4,False,"Southend Road, Howe Green, CM2",Sold STC,51.692339,0.524543,800000,2020-02-01T12:39:05Z,/properties/89012348,CM2 7TD,,
95545805,5 bedroom detached house for sale,Detached,5,3,False,"Wharton Drive, Beaulieu Park, Chelmsford, CM1",Sold STC,51.754667,0.510748,800000,2020-08-01T12:00:09Z,/properties/95545805,CM1 6BF,19950640,
85237696,4 bedroom detached house for sale,Detached,4,2,False,"Galleywood Road, Chelmsford, CM2",Sold STC,51.713845,0.463555,800000,2020-09-28T13:17:03Z,/properties/85237696,CM2 8AA,31363750,
100355237,3 bedroom detached house for sale,Detached,3,1,False,"Links Drive, Chelmsford, CM2",Sold STC,51.719062,0.456707,800000,2020-11-24T19:43:34Z,/properties/100355237,CM2 9AW,,https://media.rightmove.co.uk/152k/151070/100355237/151070_1086789-1_EPC_01_0000.pdf
73739922,5 bedroom detached house for sale,Detached,5,2,False,"Galleywood Road, Great Baddow",Sold STC,51.71511,0.499721,800000,2020-10-02T09:26:41Z,/properties/73739922,CM2 8DL,31364383,
98375534,5 bedroom semi-detached house for sale,Semi-Detached,5,,False,"Hill Road, Chelmsford, Essex, CM2",Sold STC,51.73281,0.48457,795000,2020-10-13T11:45:29Z,/properties/98375534,CM2 6HW,28281538,https://media.rightmove.co.uk/77k/76437/98375534/76437_23HillRoadChelmsford_EPC_00_0000.pdf
101911559,4 bedroom detached house for sale,Detached,4,3,False,"Jackson Bacon View, Beauliieu Heath, Chelmsford",Sold STC,51.762031,0.500508,785000,2021-01-12T17:47:48Z,/properties/101911559,CM1 6BJ,,
85468510,3 bedroom semi-detached house for sale,Semi-Detached,3,2,False,"Meadgate Avenue, Chelmsford, Essex",Sold STC,51.725341,0.485419,280000,2020-10-05T16:08:45Z,/properties/85468510,CM2 7NG,33844234,
89657842,4 bedroom detached house for sale,Detached,4,0,False,"Brook End Road South, Chelmsford, CM2",Sold STC,51.738098,0.513252,782500,2021-03-08T11:39:58Z,/properties/89657842,CM2 6NZ,,
101916104,5 bedroom detached house for sale,Detached,5,3,False,"Lordship Road, Writtle, Essex, CM1",Sold STC,51.73243,0.426396,780000,2021-01-12T18:54:23Z,/properties/101916104,CM1 3EH,,
82496092,5 bedroom detached house for sale,Detached,5,3,False,"Fairway Drive, Chelmsford, CM3",Sold STC,51.767669,0.492279,775000,2020-07-22T09:07:19Z,/properties/82496092,CM3 3FH,,
77916832,4 bedroom detached house for sale,Detached,4,1,False,"Chignal Road, Chelmsford",Sold STC,51.74454,0.44451,775000,2020-03-04T12:23:27Z,/properties/77916832,CM1 2JB,,
102073997,4 bedroom semi-detached house for sale,Semi-Detached,4,1,False,"Wood Street, Chelmsford",Sold STC,51.71552,0.462514,775000,2021-01-18T15:25:38Z,/properties/102073997,CM2 8BJ,25174117,
75013467,5 bedroom detached house for sale,Detached,5,2,False,"Purcell Cole, Writtle, Chelmsford",Sold STC,51.729953,0.421571,775000,2020-11-06T13:32:21Z,/properties/75013467,CM1 3NB,36533932,
95525540,4 bedroom detached house for sale,Detached,4,,False,"Longstomps Avenue, Chelmsford, Essex, CM2",Sold STC,51.71724,0.46417,775000,2020-07-31T17:04:21Z,/properties/95525540,CM2 9LB,33709789,https://media.rightmove.co.uk/77k/76437/95525540/76437_116LongstompsAve_EPC_00_0000.pdf
95402987,4 bedroom end of terrace house for sale,End of Terrace,4,4,False,"Windley Tye, Chelmsford, CM1",Sold STC,51.739545,0.448274,775000,2020-07-29T09:25:06Z,/properties/95402987,CM1 2GR,26308003,
101107622,5 bedroom detached house for sale,Detached,5,2,False,"Hammonds Road, Sandon, Chelmsford, Essex, CM2",Sold STC,51.72845,0.52879,770000,2020-12-15T09:45:25Z,/properties/101107622,CM2 7RS,31411135,
97732739,4 bedroom detached house for sale,Detached,4,,False,"Main Road, Little Waltham, Chelmsford",Sold STC,51.78377,0.47316,765000,2020-09-26T16:17:44Z,/properties/97732739,CM3 3PA,26780203,
81222889,4 bedroom detached house for sale,Detached,4,2,False,Chelmsford - Fenn Wright Signature,Sold STC,51.74159,0.46506,760000,2020-06-22T16:40:57Z,/properties/81222889,CM1 1SF,33346663,
101911496,4 bedroom cottage for sale,Cottage,4,3,False,"Main Road, Howe Street, Chelmsford, Essex, CM3",Sold STC,51.804686,0.461497,750000,2021-01-12T17:47:11Z,/properties/101911496,CM3 1BG,26779978,
73695642,4 bedroom link detached house for sale,Link Detached House,4,2,False,"Paradise Road, Writtle, Chelmsford",Sold STC,51.72533,0.42971,750000,2020-10-01T09:55:09Z,/properties/73695642,CM1 3HP,,
73673304,4 bedroom house for sale,House,4,3,False,"Armistice Avenue, Springfield, Chelmsford",Sold STC,51.7621,0.49684,750000,2020-09-30T15:18:25Z,/properties/73673304,CM1 6AR,,
100455224,4 bedroom detached house for sale,Detached,4,,False,"Riddiford Drive, Chelmsford",Sold STC,51.74118,0.45867,750000,2020-11-26T13:53:27Z,/properties/100455224,CM1 2GB,20126515,https://media.rightmove.co.uk/15k/14258/100455224/14258_1RiddifordDrive_EPC_00_0000.pdf
78076686,4 bedroom detached house for sale,Detached,4,3,False,"Hanlee Brook, Great Baddow",Sold STC,51.713123,0.500501,745000,2021-02-19T10:41:09Z,/properties/78076686,CM2 8GB,21412603,
86164570,3 bedroom detached house for sale,Detached,3,3,False,"Patching Hall Lane, Chelmsford, Essex, CM1",Sold STC,51.75487,0.46202,735000,2020-10-27T15:45:05Z,/properties/86164570,CM1 4DB,33210628,
82229932,5 bedroom detached house for sale,Detached,5,3,False,"Phoenix Grove, Chelmsford, CM2",Sold STC,51.724638,0.460616,725000,2020-07-16T12:59:56Z,/properties/82229932,CM2 9BN,21331138,
101911739,4 bedroom detached house for sale,Detached,4,2,False,"Gordon Road, Chelmsford, Essex, CM2",Sold STC,51.716137,0.468036,725000,2021-01-12T17:49:42Z,/properties/101911739,CM2 9LL,31822042,
101911718,4 bedroom detached house for sale,Detached,4,2,False,"First Avenue, Chelmsford, Essex, CM1",Sold STC,51.746293,0.468108,725000,2021-01-12T17:49:22Z,/properties/101911718,CM1 1RU,34095565,
83031403,5 bedroom detached house for sale,Detached,5,3,False,"Beehive Lane, Great Baddow, Chelmsford, CM2",Sold STC,51.712696,0.479366,725000,2020-08-03T09:34:34Z,/properties/83031403,CM2 9SJ,33325318,
100452845,5 bedroom semi-detached house for sale,Semi-Detached,5,2,False,"Vicarage Road, Old Moulsham, Chelmsford, CM2",Sold STC,51.723426,0.467238,725000,2020-11-26T12:10:23Z,/properties/100452845,CM2 9BS,31116556,
87627835,4 bedroom detached house for sale,Detached,4,1,False,"Links Drive, Chelmsford - Fenn Wright Signature ",Sold STC,51.71901,0.45659,725000,2020-12-13T12:01:55Z,/properties/87627835,CM2 9AW,19716631,
72125595,4 bedroom end of terrace house for sale,End of Terrace,4,4,False,"Beaulieu Chase, Chelmsford",Sold STC,51.76246,0.49431,725000,2020-07-27T15:02:45Z,/properties/72125595,CM1 6AR,,
86225209,3 bedroom detached house for sale,Detached,3,1,False,"Galleywood Road, Great Baddow, Chelmsford, CM2",Sold STC,51.713977,0.496722,700000,2020-10-29T13:30:43Z,/properties/86225209,CM2 8DJ,31364365,
74455008,4 bedroom link detached house for sale,Link Detached House,4,2,False,"Spalding Way, Great Baddow, Chelmsford",Sold STC,51.72379,0.49885,700000,2020-10-20T15:40:03Z,/properties/74455008,CM2 7NZ,,
70806345,4 bedroom detached house for sale,Detached,4,3,False,"East Hanningfield Road, Sandon",Sold STC,51.699428,0.530541,700000,2020-05-30T11:42:45Z,/properties/70806345,CM2 7TP,29965315,
89945648,4 bedroom semi-detached house for sale,Semi-Detached,4,2,False,"Oaklea Avenue, Chelmsford, CM2",Sold STC,51.739522,0.491322,700000,2020-02-28T16:48:38Z,/properties/89945648,CM2 6BY,34275925,https://media.rightmove.co.uk/152k/151070/89945648/151070_913177-1_EPC_01_0000.pdf
75223365,5 bedroom detached house for sale,Detached,5,3,False,"Hill Crescent, Chelmsford",Sold STC,51.73216,0.48584,700000,2020-11-12T18:14:49Z,/properties/75223365,CM2 6HT,21815980,
74134554,4 bedroom detached house for sale,Detached,4,2,False,"Broomfield Road, Chelmsford, Essex",Sold STC,51.743111,0.466888,700000,2020-10-12T10:05:10Z,/properties/74134554,CM1 1RY,31899121,
93443423,5 bedroom detached house for sale,Detached,5,4,False,"Cornelius Vale, Chancellor Park, Chelmsford, CM2",Sold STC,51.742048,0.515828,700000,2020-06-12T17:46:41Z,/properties/93443423,CM2 6YF,19426753,
102604271,3 bedroom detached house for sale,Detached,3,3,False,"Bell Street, Great Baddow, Chelmsford, CM2",Sold STC,51.716535,0.501467,700000,2021-02-08T17:51:13Z,/properties/102604271,CM2 7JR,,
89657494,6 bedroom detached house for sale,Detached,6,0,False,"The Keys, Chelmsford, CM1",Sold STC,51.75725,0.38592,700000,2021-03-08T11:39:48Z,/properties/89657494,CM1 4LE,,
87026935,4 bedroom detached house for sale,Detached,4,1,False,"Richardson Place, Chelmsford, CM1",Sold STC,51.740537,0.457627,700000,2020-11-23T10:38:39Z,/properties/87026935,CM1 2GD,22739191,
97482395,4 bedroom detached house for sale,Detached,4,2,False,"Church Street, Great Baddow, Chelmsford, CM2",Sold STC,51.713183,0.505568,700000,2020-09-21T09:42:07Z,/properties/97482395,CM2 7HY,26160904,
94329980,4 bedroom detached house for sale,Detached,4,3,False,"The Brooklands, Southend Road, Howe Green, CM2",Sold STC,51.691976,0.525788,700000,2020-07-02T21:07:07Z,/properties/94329980,CM2 7TD,,
77469247,4 bedroom detached house for sale,Detached,4,2,False,"Longstomps Avenue, Chelmsford, CM2 9BZ",Sold STC,51.7165,0.46471,695000,2020-02-13T17:10:15Z,/properties/77469247,CM2 9BZ,33709591,
81704554,3 bedroom detached house for sale,Detached,3,3,False,"Southend Road, Chelmsford",Sold STC,51.69801,0.5268,695000,2020-07-04T15:54:27Z,/properties/81704554,CM2 7TE,,
77405526,3 bedroom detached house for sale,Detached,3,1,False,"Hamlet Road, Old Moulsham, Chelmsford",Sold STC,51.728053,0.470405,695000,2021-01-25T18:05:33Z,/properties/77405526,CM2 0EU,29659105,
77879458,5 bedroom detached house for sale,Detached,5,3,False,Howe Green - Fenn Wright Signature,Sold STC,51.69801,0.5268,695000,2020-03-03T10:47:05Z,/properties/77879458,CM2 7TE,,
98037542,4 bedroom detached house for sale,Detached,4,3,False,"7 Chalklands, Chelmsford, Essex, CM2 ",Sold STC,51.69853,0.528467,685000,2020-10-05T09:19:12Z,/properties/98037542,CM2 7TH,,
85854143,4 bedroom semi-detached house for sale,Semi-Detached,4,1,False,"Mildmay Road, Chelmsford, Essex, CM2",Sold STC,51.72722,0.47268,680000,2019-10-23T08:55:13Z,/properties/85854143,CM2 0EA,31808272,
101916086,3 bedroom detached house for sale,Detached,3,2,False,"Ongar Road, Writtle, Chelmsford, Essex, CM1",Sold STC,51.731098,0.424087,675000,2021-01-12T18:54:09Z,/properties/101916086,CM1 3NA,27744391,
68167563,4 bedroom detached house for sale,Detached,4,2,False,"Chalklands, Sandon",Sold STC,51.698234,0.528268,675000,2020-02-07T00:48:12Z,/properties/68167563,CM2 7TH,35873080,
102777710,4 bedroom semi-detached house for sale,Semi-Detached,4,2,False,"Finchley Avenue, Old Moulsham, Chelmsford, CM2",Sold STC,51.723825,0.465061,675000,2021-02-12T10:06:15Z,/properties/102777710,CM2 9BX,34617130,
78463014,5 bedroom detached house for sale,Detached,5,3,False,"Oak Lodge Tye, Springfield, Chelmsford",Sold STC,51.752617,0.505856,675000,2021-03-01T17:19:20Z,/properties/78463014,CM1 6GZ,26307835,
70791726,4 bedroom detached house for sale,Detached,4,1,False,"Baddow Road, Chelmsford",Sold STC,51.719791,0.497309,675000,2020-05-29T16:48:50Z,/properties/70791726,CM2 7QL,28843945,
78365820,4 bedroom detached house for sale,Detached,4,3,False,"Acres End, Chelmsford",Sold STC,51.74173,0.44986,675000,2021-02-26T17:53:54Z,/properties/78365820,CM1 2XR,21035707,
86017243,4 bedroom detached house for sale,Detached,4,2,False,"Acres End, Chelmsford, CM1",Sold STC,51.741775,0.450017,670000,2020-10-22T16:51:49Z,/properties/86017243,CM1 2XR,21035710,
88701613,4 bedroom semi-detached house for sale,Semi-Detached,4,2,False,"Chelmerton Avenue, Chelmsford, Essex",Sold STC,51.719269,0.491642,665000,2021-01-30T15:02:44Z,/properties/88701613,CM2 9RF,33423886,
86933890,5 bedroom detached house for sale,Detached,5,2,False,"Vicarage Lane, Great Baddow, Chelmsford, CM2",Sold STC,51.713494,0.50156,665000,2020-11-19T15:14:20Z,/properties/86933890,CM2 8JA,32777950,
101911820,4 bedroom detached house for sale,Detached,4,2,False,"Cuton Grove, Chelmsford, Essex, CM2",Sold STC,51.744102,0.511416,650000,2021-01-12T17:50:33Z,/properties/101911820,CM2 6TA,21317902,
71766612,4 bedroom detached house for sale,Detached,4,3,False,"Humber Road, Chelmsford, Essex, CM1",Sold STC,51.747528,0.480784,650000,2020-07-10T12:22:08Z,/properties/71766612,CM1 7PG,27538549,
98196944,4 bedroom detached house for sale,Detached,4,2,False,"Havisham Way, Newlands Springs, CHELMSFORD",Sold STC,51.75665,0.447638,650000,2020-10-09T14:55:03Z,/properties/98196944,CM1 4UY,22480324,
102687242,4 bedroom detached house for sale,Detached,4,1,False,"Ongar Road, Writtle, Chelmsford",Sold STC,51.730293,0.418174,650000,2021-02-10T13:08:21Z,/properties/102687242,CM1 3ND,27744412,
83567695,4 bedroom detached house for sale,Detached,4,3,False,"The Bringey, Great Baddow, Chelmsford, CM2",Sold STC,51.714463,0.506714,650000,2020-08-15T16:23:59Z,/properties/83567695,CM2 7QY,,
101911283,4 bedroom detached house for sale,Detached,4,2,False,"Roxwell Avenue, Chelmsford, Essex, CM1",Sold STC,51.73828,0.445694,650000,2021-01-12T17:44:58Z,/properties/101911283,CM1 2NX,34271722,
75152364,4 bedroom chalet for sale,Chalet,4,3,False,"Southend Road, Howe Green",Sold STC,51.699008,0.526817,650000,2020-11-10T10:15:46Z,/properties/75152364,CM2 7TE,31676515,
99460529,4 bedroom house for sale,House,4,3,False,"Vicarage Road, Chelmsford, CM2",Sold STC,51.723492,0.4672,650000,2020-11-04T11:42:31Z,/properties/99460529,CM2 9BS,31116529,
86419939,4 bedroom detached house for sale,Detached,4,2,False,"Britten Crescent, Chelmsford, CM2 7EP",Sold STC,51.72128,0.49842,650000,2020-11-04T16:46:13Z,/properties/86419939,CM2 7EP,21995134,
65242767,4 bedroom semi-detached house for sale,Semi-Detached,4,3,False,"Highfield Road, Chelmsford",Sold STC,51.74421,0.4471,650000,2019-09-21T12:15:02Z,/properties/65242767,CM1 2NG,,
101911373,5 bedroom detached house for sale,Detached,5,3,False,"Baden Powell Close, Great Baddow, Chelmsford, Essex, CM2",Sold STC,51.71932,0.512117,650000,2021-01-12T17:45:45Z,/properties/101911373,CM2 7GA,,
98132996,4 bedroom semi-detached house for sale,Semi-Detached,4,,False,"Main Road, Margaretting",Sold STC,51.69127,0.41993,650000,2020-10-08T14:11:34Z,/properties/98132996,CM4 9JB,26784841,
96009626,5 bedroom house for sale,House,5,2,False,"Baddow Road, Chelmsford",Sold STC,51.719135,0.498284,650000,2020-08-12T09:25:34Z,/properties/96009626,CM2 7QL,28843951,
83842783,4 bedroom detached house for sale,Detached,4,2,False,"Bramley Place, Great Baddow , Chelmsford, CM2",Sold STC,51.718688,0.487788,650000,2020-08-21T10:32:21Z,/properties/83842783,CM2 9TF,22644493,
